fitness,w1,w2,w3,w4
0.29,-0.510066,0.760666,-0.35663,-0.184483
